Gateway,Seconds,VUs,RPS,P95_ms,Req_success_rate,Total_CPU,Total_RSS_KB
apollo,1,50,94.04691858431778,11.396962549999998,1,238.00,168504
apollo,1,50,72.92636860843041,178.6315728,1,234.00,163304
apollo,2,50,141.26595675500607,548.827638,1,235.00,165224
apollo,2,50,152.70130633487358,529.7018938999998,1,236.00,170600
apollo,2,50,178.5822023072304,488.4937332999998,1,236.00,170472
apollo,2,50,197.307446521185,459.00470444999996,1,237.00,175848
apollo,3,50,203.73486251873933,444.9591414000002,1,237.00,183112
apollo,3,50,216.9594594539381,404.43466159999963,1,238.00,192332
apollo,3,50,217.1067241334589,388.98251939999943,1,239.00,188264
apollo,4,50,228.24613051725248,356.38690319999927,1,239.00,186596
apollo,4,50,236.53743809058312,328.915971,1,240.00,183736
apollo,4,50,245.98105005196277,304.2783856999998,1,240.00,183736
apollo,4,50,244.59111285238166,286.525491,1,241.00,193436
apollo,5,50,250.12012176221867,260.2945415000005,1,242.00,193672
apollo,5,50,256.73637647087736,241.33825599999898,1,242.00,190876
apollo,5,50,259.17364849610493,233.95878,1,243.00,190980
apollo,5,50,259.0609010036848,233.45215845000007,1,243.00,190884
apollo,6,50,262.76134189680937,231.99166585000003,1,244.00,181380
apollo,6,50,267.10580342121176,224.4074141,1,244.00,184276
apollo,6,50,269.18238488703577,222.72219504999993,1,244.00,191188
apollo,7,50,273.83272910460624,217.72341959999991,1,245.00,184172
apollo,7,50,270.7959748111527,216.79527789999997,1,245.00,183852
apollo,7,50,276.01030759699546,216.894389,1,246.00,183516
apollo,7,50,279.3119349316549,215.573575,1,246.00,184540
apollo,8,50,277.23776575202857,213.85949329999994,1,247.00,181096
apollo,8,50,283.7123980069774,210.85094039999993,1,247.00,179728
apollo,8,50,283.3841144448274,209.58540914999995,1,247.00,179580
apollo,8,50,285.81471015208336,207.78579059999998,1,248.00,185340
apollo,9,50,285.2283286592795,206.6287405,1,248.00,186072
apollo,9,50,287.7888590408571,207.49004674999998,1,249.00,183436
apollo,9,50,287.2041282504282,207.465387,1,249.00,183124
apollo,9,50,291.02304156547916,205.81720694999998,1,249.00,181884
apollo,10,50,290.19244578592554,205.7489582,1,250.00,179584
apollo,10,50,289.7485618532386,204.77820724999998,1,250.00,178980
apollo,10,50,291.0705808965365,204.59959749999993,1,251.00,180872
apollo,11,50,291.5442645289679,204.1718605,1,251.00,180584
apollo,11,50,293.53135336942967,205.6655795999999,1,251.00,179984
apollo,11,50,295.0071307475336,204.62868324999994,1,252.00,180496
apollo,11,50,293.2832338447789,204.23242409999997,1,252.00,187588
apollo,12,50,295.2270034448461,203.42940109999984,1,252.00,181004
apollo,12,50,297.3795911676177,203.1240537,1,252.00,179832
apollo,12,50,296.34160154217653,203.0076465,1,253.00,180536
apollo,12,50,297.987035119684,202.49875475,1,253.00,178040
apollo,13,50,299.50183013211705,201.9457054,1,253.00,175968
apollo,13,50,298.61874335033883,201.9451327,1,254.00,175340
apollo,13,50,300.20115467016177,201.98292635,1,254.00,171888
apollo,14,50,300.07024405555086,201.94580085,1,254.00,177608
apollo,14,50,301.48735819808223,201.85689819999996,1,255.00,185896
apollo,14,50,302.06007467980294,202.03050084999998,1,255.00,185536
apollo,14,50,303.43566534812874,201.94580085,1,255.00,185632
apollo,15,50,302.7358949639816,201.60443569999993,1,255.00,188796
apollo,15,50,301.780264671535,201.97220359999997,1,255.00,185280
apollo,15,50,303.96119721567544,201.7342625,1,256.00,193680
apollo,15,50,303.28982495221254,201.1808684,1,256.00,192964
apollo,16,50,304.8444215029361,201.56794659999997,1,256.00,191860
apollo,16,50,305.1045448102857,201.793912,1,256.00,189228
apollo,16,50,304.4869554131595,201.53568739999997,1,257.00,189356
apollo,17,50,305.3217411650893,201.798457,1,257.00,188332
apollo,17,50,305.4946991111079,201.43316349999995,1,257.00,185908
apollo,17,50,306.73200140091706,201.54875945,1,257.00,188604
apollo,17,50,305.8734201314462,201.26901099999995,1,258.00,187960
apollo,18,50,306.17663682205483,201.1977296,1,258.00,193944
apollo,18,50,307.3695831079135,200.92336419999998,1,258.00,193804
apollo,18,50,306.5059563539763,200.73226739999998,1,258.00,185248
apollo,18,50,307.806176003758,200.32408900000001,1,258.00,185024
apollo,19,50,308.3661228582236,200.315639,1,259.00,185024
apollo,19,50,308.0273445279097,200.58226679999996,1,259.00,187004
apollo,19,50,308.59117075956414,200.41814349999996,1,259.00,177264
apollo,20,50,308.04885881276147,200.316289,1,259.00,175156
apollo,20,50,308.6079775162188,200.321489,1,259.00,172672
apollo,20,50,310.00289586159397,200.69282679999995,1,259.00,174304
apollo,20,50,308.5029827648612,200.78859909999997,1,260.00,174688
apollo,21,50,308.58872398451524,200.94065559999993,1,260.00,176836
apollo,21,50,307.8898303938172,201.26901099999995,1,260.00,178196
apollo,21,50,308.416521182097,201.1808684,1,260.00,181268
apollo,22,50,307.5998227191781,201.15633059999993,1,260.00,180032
apollo,22,50,308.6244917243216,201.32386674999995,1,261.00,179216
apollo,22,50,307.74419911012905,201.0595301,1,261.00,179936
apollo,22,50,308.05207116003913,200.969707,1,261.00,181548
apollo,23,50,308.83227702991945,200.76503375000001,1,261.00,182572
apollo,23,50,309.5492394713975,200.72427589999998,1,261.00,183332
apollo,23,50,308.38486940203865,200.7711234,1,261.00,182628
apollo,23,50,309.11159116644126,200.7269696,1,262.00,188296
apollo,24,50,309.72808909297396,201.087941,1,262.00,185604
apollo,24,50,310.36943419154596,201.0043298,1,262.00,186236
apollo,24,50,308.9688191442619,200.85996239999994,1,262.00,188648
apollo,25,50,309.8833907397431,200.842671,1,262.00,189288
apollo,25,50,310.32957335233397,200.779057,1,262.00,190668
apollo,25,50,309.7733672289717,200.7430422,1,263.00,187764
apollo,25,50,310.17544965964265,200.71191094999998,1,263.00,189052
apollo,26,50,311.02661328417753,200.7105287,1,263.00,191356
apollo,26,50,311.2267324430804,200.51447079999994,1,263.00,190904
apollo,26,50,310.823313873736,200.78223769999994,1,263.00,192648
apollo,26,50,311.1523169590006,201.09527034999994,1,263.00,183268
apollo,27,50,311.4238096026433,200.96634699999998,1,264.00,183560
apollo,27,50,311.80927562178016,200.93489179999992,1,264.00,183688
apollo,27,50,312.5727371033382,200.88878139999994,1,264.00,184076
apollo,28,50,311.5253707033311,201.07311425,1,264.00,184068
apollo,28,50,312.3449825400351,201.0625488,1,264.00,184788
apollo,28,50,311.9457885342891,201.14578254999998,1,264.00,182732
apollo,28,50,312.07523622582727,201.12052645000003,1,264.00,182668
apollo,29,50,312.24127948969755,201.38309999999998,1,265.00,183052
apollo,29,50,311.82791261744364,201.45423525,1,265.00,183052
apollo,29,50,312.1234954532817,201.533695,1,265.00,180952
apollo,29,50,312.1809496299809,201.25070520000003,1,265.00,181436
apollo,30,50,312.9523193153642,201.12473579999997,1,265.00,181324
apollo,30,50,312.9679113355937,201.1780582,1,265.00,184952
apollo,30,50,313.2140159342527,201.02078865000001,1,265.00,179684
apollo,31,50,312.682942115012,201.050474,1,265.00,180612
apollo,31,50,313.32909327577414,201.08534099999997,1,266.00,180548
apollo,31,50,313.2017693936135,201.08482099999998,1,266.00,182212
apollo,31,50,313.7279636290968,200.98840059999998,1,266.00,179004
apollo,32,50,313.34359041143983,201.035848,1,266.00,179464
apollo,32,50,313.74458803668716,201.043161,1,266.00,180988
apollo,32,50,313.9891658362548,201.02414720000002,1,266.00,184360
apollo,32,50,313.923022323419,201.1668293,1,266.00,186368
apollo,33,50,313.41206688438706,201.10368904999996,1,266.00,187088
apollo,33,50,313.6992840520788,201.085861,1,266.00,179924
apollo,33,50,313.82220979309903,201.09054099999997,1,266.00,184916
apollo,34,50,314.23102476093476,201.01798339999996,1,267.00,189052
apollo,34,50,313.4569873225249,201.01082324999996,1,267.00,184348
apollo,34,50,314.6687958682921,201.01611365,1,267.00,184536
apollo,34,50,314.1433147622506,200.959627,1,267.00,181480
apollo,35,50,314.01642291518436,201.091061,1,267.00,180316
apollo,35,50,314.33563348529026,201.46478025,1,267.00,183644
apollo,35,50,314.4293804729593,201.4702572,1,267.00,180088
apollo,36,50,314.3003521165255,201.4663799,1,267.00,181692
apollo,36,50,314.4583522185251,201.46753379999998,1,267.00,184444
apollo,36,50,314.1089902404013,201.4653955,1,267.00,187800
apollo,36,50,314.3647561575944,201.51955699999996,1,267.00,181096
apollo,37,50,314.15328205995166,201.45820715000002,1,268.00,181608
apollo,37,50,314.3177892868937,201.557266,1,268.00,179904
apollo,37,50,314.00328807011545,201.48326299999994,1,268.00,182144
apollo,37,50,314.6125658349932,201.4663799,1,268.00,186184
apollo,38,50,314.78610237061287,201.21449239999993,1,268.00,183836
apollo,38,50,315.1164876485267,201.11631709999995,1,268.00,183016
apollo,38,50,314.5330305573254,201.03082759999998,1,268.00,182872
apollo,39,50,314.3852522081712,201.081181,1,268.00,181828
apollo,39,50,314.9501490942375,201.08794099999997,1,268.00,179740
apollo,39,50,314.54949097306184,201.21449239999993,1,268.00,179740
apollo,39,50,314.28453937014007,201.08274099999997,1,269.00,177352
apollo,40,50,315.2991875142784,201.16261994999988,1,269.00,178440
apollo,40,50,315.0558287948408,201.17665309999998,1,269.00,175340
apollo,40,50,315.09298245007295,201.14999189999992,1,269.00,173296
apollo,40,50,314.5521581238217,201.03696709999997,1,269.00,171540
apollo,41,50,315.08872322479084,201.07764229999998,1,269.00,172204
apollo,41,50,315.0978361740042,201.19070409999998,1,269.00,171944
apollo,41,50,314.6521665422535,201.20613559999995,1,269.00,174072
apollo,42,50,314.8948150054251,201.12473579999997,1,269.00,179500
apollo,42,50,315.2797950370796,201.46428805,1,269.00,178016
apollo,42,50,314.84891142701986,201.23677719999992,1,269.00,177264
apollo,42,50,315.0126575891341,201.35002319999987,1,269.00,184056
apollo,43,50,315.38501822588336,201.08534099999997,1,269.00,183972
apollo,43,50,314.59620825457273,201.54899499999996,1,270.00,183368
apollo,43,50,315.3074177726513,201.4798428,1,270.00,183368
apollo,44,50,315.2810915633728,201.46650294999998,1,270.00,183368
apollo,44,50,315.2021864110556,201.556826,1,270.00,182604
apollo,44,50,315.1646050474804,201.5535605,1,270.00,185320
apollo,44,50,315.033090698549,201.53777499999998,1,270.00,182776
apollo,45,50,315.07349510853453,201.55491545,1,270.00,184184
apollo,45,50,315.71104631637724,201.57167215,1,270.00,181708
apollo,45,50,315.2455410631441,201.5547649,1,270.00,183440
apollo,45,50,315.3370849159418,201.57163605,1,270.00,180532
apollo,46,50,315.30683506253735,201.556716,1,270.00,183092
apollo,46,50,314.9097690398381,201.555836,1,270.00,180896
apollo,46,50,315.5231540357311,201.5718707,1,270.00,183712
apollo,47,50,315.68048075663,201.60413649999995,1,271.00,182968
apollo,47,50,315.2853667571829,201.56001,1,271.00,182968
apollo,47,50,315.5300722716132,201.5680724,1,271.00,186176
apollo,47,50,315.82240915929856,201.7002955,1,271.00,183952
apollo,48,50,315.84077918927875,201.5770565,1,271.00,180796
apollo,48,50,315.58138597985015,201.5717985,1,271.00,180264
apollo,48,50,315.6632876994011,201.602444,1,271.00,182732
apollo,48,50,315.96982083817335,201.60075149999994,1,271.00,183572
apollo,49,50,315.23835001972043,201.5645268,1,271.00,182076
apollo,49,50,315.79148403908016,201.8028558,1,271.00,183288
apollo,49,50,315.71449031984525,201.83156099999997,1,271.00,181224
apollo,50,50,315.6659595322898,201.84920449999998,1,271.00,181016
apollo,50,50,315.89586451230696,201.844521,1,271.00,181016
apollo,50,50,315.60975774079907,201.81212155,1,271.00,183616
apollo,50,50,315.962938884455,201.7644005,1,271.00,183488
apollo,51,50,316.2547644728609,201.75061725,1,271.00,181352
apollo,51,50,315.7781033945765,201.71324759999996,1,271.00,179472
apollo,51,50,316.266005581775,201.58411119999994,1,272.00,180552
apollo,52,50,315.98940098251177,201.5698452,1,272.00,180164
apollo,52,50,315.8934172893059,201.58745239999996,1,272.00,180056
apollo,52,50,316.2264870642784,201.57170825,1,272.00,182856
apollo,52,50,315.85605628404556,201.571979,1,272.00,181824
apollo,53,50,316.13285489528033,201.5689588,1,272.00,173092
apollo,53,50,316.01308683441596,201.556056,1,272.00,171524
apollo,53,50,315.97080710507817,201.5295446,1,272.00,173700
apollo,53,50,315.593584708786,201.47071110000002,1,272.00,175224
apollo,54,50,315.6694916010915,201.4705014,1,272.00,178284
apollo,54,50,315.8525275578052,201.5662996,1,272.00,181368
apollo,54,50,316.28968007259414,201.55491545,1,272.00,181108
apollo,55,50,316.5197378215789,201.55704599999999,1,272.00,181256
apollo,55,50,316.03654625943375,201.531655,1,272.00,188808
apollo,55,50,316.37841436689513,201.55616600000002,1,272.00,185836
apollo,55,50,316.1497750692223,201.569402,1,272.00,183036
apollo,56,50,316.39362597653115,201.55401215,1,272.00,186152
apollo,56,50,315.8236542095659,201.5547649,1,272.00,178112
apollo,56,50,316.6325644838758,201.473453,1,272.00,174724
apollo,57,50,316.7727561700651,201.4541214,1,273.00,177156
apollo,57,50,316.3638043244391,201.3280248999999,1,273.00,177540
apollo,57,50,316.49658133893723,201.29325904999996,1,273.00,177540
apollo,57,50,316.7730284345983,201.46273019999998,1,273.00,175964
apollo,58,50,316.679920221798,201.5307317,1,273.00,174952
apollo,58,50,316.2829745630088,201.4706436,1,273.00,175944
apollo,58,50,316.5964135007136,201.4646572,1,273.00,177356
apollo,59,50,316.78659734856177,201.4295202,1,273.00,177532
apollo,59,50,316.9319133606397,201.29325904999996,1,273.00,178164
apollo,59,50,316.3962662515008,201.2671,1,273.00,180180
apollo,59,50,316.49856947304346,201.144788,1,273.00,178832
apollo,60,50,316.7484303956673,201.143003,1,273.00,183696
apollo,60,50,316.38319780761026,201.15073800000002,1,273.00,182184
apollo,60,50,316.9096231669688,201.1297375,1,273.00,181644
apollo,60,50,316.820803886033,201.4577084,1,273.00,185852
apollo,61,50,316.82915184369676,201.46478025,1,273.00,185464
grafbase,1,50,182.4879183807835,477.86192344999995,1,122.00,86808
grafbase,1,50,223.05939615227464,460.17193099999974,1,122.00,88984
grafbase,2,50,272.46753519551623,411.1969725999999,1,122.00,87964
grafbase,2,50,311.1011957287841,382.59415320000005,1,123.00,89536
grafbase,2,50,327.3055761539208,351.4530737999998,1,123.00,89992
grafbase,3,50,345.17501543658443,301.8725939999999,1,123.00,89164
grafbase,3,50,354.7633174747694,270.98613025000003,1,123.00,88768
grafbase,3,50,359.1292097107514,247.580503,1,124.00,90204
grafbase,4,50,377.20119551446504,189.19053289999886,1,124.00,90724
grafbase,4,50,376.6455408889412,167.08944929999987,1,124.00,88996
grafbase,4,50,386.60575466402327,156.540082,1,124.00,89204
grafbase,5,50,391.72680832172983,152.9842118499998,1,125.00,87200
grafbase,5,50,396.1793257788092,147.946076,1,125.00,86920
grafbase,5,50,393.4601367464111,146.503781,1,125.00,87332
grafbase,6,50,402.63345793897645,145.67595714999993,1,125.00,89380
grafbase,6,50,400.6289590128179,144.38863454999998,1,126.00,87804
grafbase,6,50,408.2263303941039,143.567321,1,126.00,88516
grafbase,7,50,406.54097989941096,143.0912165999999,1,126.00,92564
grafbase,7,50,414.85460656554943,142.530461,1,126.00,89404
grafbase,7,50,415.66330813453084,142.42035499999997,1,126.00,88000
grafbase,8,50,417.091034328036,142.39272,1,126.00,85832
grafbase,8,50,418.88469870519094,141.6208119,1,127.00,86296
grafbase,8,50,420.9491035054663,141.30439299999998,1,127.00,86204
grafbase,9,50,421.87984534084313,141.058946,1,127.00,86760
grafbase,9,50,423.4687837897871,140.83111259999998,1,127.00,86600
grafbase,9,50,423.81235496620087,140.91996699999999,1,127.00,86076
grafbase,10,50,425.65451985052573,140.677322,1,128.00,86772
grafbase,10,50,424.57602576827077,141.24908799999994,1,128.00,88292
grafbase,10,50,428.15667121115666,141.4675705,1,128.00,88932
grafbase,11,50,427.8396034165598,141.3968138,1,128.00,88160
grafbase,11,50,430.470512343919,140.89363,1,128.00,87844
grafbase,11,50,429.34711681677794,141.061806,1,128.00,89196
grafbase,12,50,428.49781399347233,141.08390599999998,1,128.00,87240
grafbase,12,50,430.63177587913225,140.849735,1,128.00,86676
grafbase,12,50,430.27871740452173,140.95059014999995,1,129.00,85560
grafbase,13,50,432.4876778957407,140.8450794,1,129.00,85872
grafbase,13,50,433.5593654723957,141.17073739999998,1,129.00,87780
grafbase,13,50,432.5344012321647,141.3254682,1,129.00,87948
grafbase,14,50,433.31901268667724,140.95059014999995,1,129.00,87508
grafbase,14,50,434.88386875783937,140.919967,1,129.00,87996
grafbase,14,50,434.35440614659444,140.79386779999996,1,129.00,86844
grafbase,15,50,436.50387603717445,140.95056179999997,1,130.00,87892
grafbase,15,50,436.92063174198734,141.02448425,1,130.00,87280
grafbase,15,50,437.4020627124451,140.95056179999997,1,130.00,88412
grafbase,16,50,437.49960389409955,140.75068299999998,1,130.00,89320
grafbase,16,50,438.3632320856019,140.6489308,1,130.00,89192
grafbase,16,50,438.4204368788788,140.92095715,1,130.00,90764
grafbase,17,50,437.90924299685315,140.86453999999998,1,130.00,88484
grafbase,17,50,439.3458449872541,140.74173855,1,130.00,90884
grafbase,17,50,438.25868868247835,140.74215675,1,130.00,94980
grafbase,18,50,439.820449369009,140.679107,1,130.00,88516
grafbase,18,50,439.7150749070478,140.90503565,1,131.00,87908
grafbase,18,50,440.25877704575123,140.97516714999998,1,131.00,87732
grafbase,18,50,440.8554774078101,141.17224009999998,1,131.00,89092
grafbase,19,50,440.5709311831099,141.099506,1,131.00,87284
grafbase,19,50,440.85081963443224,141.0215369,1,131.00,87532
grafbase,19,50,442.536918847984,140.9817153,1,131.00,88032
grafbase,20,50,442.28498799612635,140.89503514999998,1,131.00,87300
grafbase,20,50,441.6188261875331,140.69184259999997,1,131.00,88600
grafbase,21,50,442.6700132461556,140.677322,1,131.00,87572
grafbase,21,50,443.02035070940747,140.64141189999998,1,131.00,88376
grafbase,21,50,442.5612835285212,140.627552,1,131.00,88408
grafbase,22,50,441.6896717753291,140.634972,1,132.00,88388
grafbase,22,50,442.76500340076024,140.5478334,1,132.00,88456
grafbase,22,50,442.7348478423318,140.48699159999998,1,132.00,88224
grafbase,22,50,442.90514598893816,140.41402275,1,132.00,87164
grafbase,23,50,442.3325258421165,140.51085339999997,1,132.00,86592
grafbase,23,50,444.2926069367164,140.40925769999998,1,132.00,88264
grafbase,23,50,443.7312663477911,140.38228,1,132.00,88312
grafbase,24,50,444.08713464881856,140.40767549999998,1,132.00,89324
grafbase,24,50,444.39269881499814,140.4496591,1,132.00,88284
grafbase,24,50,443.511034907029,140.4122688,1,132.00,87044
grafbase,25,50,444.9558820342006,140.44483664999998,1,132.00,86336
grafbase,25,50,444.3520718833197,140.41628999999998,1,132.00,86224
grafbase,25,50,445.6345824069735,140.31731230000003,1,132.00,86408
grafbase,26,50,445.9045296855954,140.32132209999997,1,132.00,87464
grafbase,26,50,445.7154233202733,140.35518459999994,1,132.00,86712
grafbase,26,50,444.65286650083885,140.371852,1,132.00,86516
grafbase,27,50,446.0872065791034,140.303278,1,133.00,85688
grafbase,27,50,445.6022775568994,140.173438,1,133.00,87456
grafbase,27,50,445.2376430976458,140.10138999999998,1,133.00,85924
grafbase,28,50,446.5628406112378,140.096865,1,133.00,87196
grafbase,28,50,445.54405872263294,140.08484479999998,1,133.00,86608
grafbase,28,50,446.9315618945706,140.12169664999996,1,133.00,87376
grafbase,29,50,446.0861374840759,140.13933214999997,1,133.00,87696
grafbase,29,50,446.82656631434384,140.13385789999998,1,133.00,87112
grafbase,29,50,446.3429851860468,140.13641255,1,133.00,88076
grafbase,30,50,446.66622719721386,140.06930914999998,1,133.00,88736
grafbase,30,50,447.59465729378604,140.1367775,1,133.00,87036
grafbase,30,50,447.0283092363125,140.140427,1,133.00,85360
grafbase,31,50,447.2223172800301,140.169328,1,133.00,87484
grafbase,31,50,447.3964764627375,140.14695225,1,133.00,87436
grafbase,31,50,446.5188821279893,140.16792800000002,1,133.00,86896
grafbase,32,50,447.7102371139937,140.12169664999996,1,133.00,88616
grafbase,32,50,447.51738714096194,140.06811409999995,1,133.00,86884
grafbase,32,50,447.9214727433302,140.025569,1,133.00,87904
grafbase,33,50,447.35750996608596,140.06057929999997,1,133.00,88744
grafbase,33,50,448.0097893834857,140.04507859999998,1,134.00,87176
grafbase,33,50,447.48844724230935,140.09867500000001,1,134.00,89224
grafbase,34,50,447.13447019639125,140.04108574999998,1,134.00,88876
grafbase,34,50,448.276339661936,139.9866052,1,134.00,89468
grafbase,34,50,447.6053183438195,139.98554825000002,1,134.00,87240
grafbase,35,50,448.51840751543534,139.9330386,1,134.00,88584
grafbase,35,50,448.68172803135826,139.97429245,1,134.00,89280
grafbase,35,50,448.23299808652695,139.95773999999997,1,134.00,88404
grafbase,36,50,448.1446734202777,139.9371062,1,134.00,88568
grafbase,36,50,449.1206888606736,139.9267652,1,134.00,87492
grafbase,36,50,448.48782423018827,139.87577015,1,134.00,88504
grafbase,37,50,449.35439787940874,139.82784819999998,1,134.00,89160
grafbase,37,50,448.7344533103287,139.8169666,1,134.00,86360
grafbase,37,50,448.3818601196186,139.83800579999996,1,134.00,87704
grafbase,38,50,448.98226918388343,139.9215192,1,134.00,87860
grafbase,38,50,449.34392155781353,139.9242226,1,134.00,88060
grafbase,38,50,449.65531618031747,139.9223755,1,134.00,88764
grafbase,39,50,449.08231772590125,139.9249086,1,134.00,89788
grafbase,39,50,449.4910871139608,139.9222256,1,134.00,88560
grafbase,39,50,449.78947867363576,139.9211988,1,134.00,90124
grafbase,40,50,449.9096420896361,139.87544845,1,134.00,86556
grafbase,40,50,449.43129996747774,139.8197638,1,134.00,88316
grafbase,40,50,450.0746179687017,139.81906450000002,1,134.00,88256
grafbase,41,50,449.82314558676086,139.8520202,1,135.00,87060
grafbase,41,50,449.35282626723426,139.8192976,1,135.00,85672
grafbase,41,50,449.73767974667857,139.9290057,1,135.00,86152
grafbase,42,50,449.1785525316053,139.9536435,1,135.00,87760
grafbase,42,50,450.03670057835063,139.9214124,1,135.00,88976
grafbase,42,50,449.9312377591719,139.9214124,1,135.00,89840
grafbase,43,50,449.6477499696392,139.91866485000006,1,135.00,88212
grafbase,43,50,450.1329638544712,139.8749659,1,135.00,88044
grafbase,43,50,450.5050656314502,139.83635595,1,135.00,88076
grafbase,44,50,450.1506178701978,139.78018905,1,135.00,86348
grafbase,44,50,450.24316417049994,139.794284,1,135.00,87148
grafbase,44,50,449.813600187859,139.81650040000002,1,135.00,87772
grafbase,45,50,450.46335346534136,139.797484,1,135.00,88944
grafbase,45,50,449.9084041397859,139.785324,1,135.00,89100
grafbase,45,50,449.8732611610942,139.785324,1,135.00,88880
grafbase,46,50,450.1094341156739,139.801449,1,135.00,88664
grafbase,46,50,449.88418328835195,139.7484782,1,135.00,88932
grafbase,46,50,450.7183737683965,139.7318543,1,135.00,89596
grafbase,47,50,450.22222338268523,139.73748250000003,1,135.00,88676
grafbase,47,50,450.07961540059165,139.7291573,1,135.00,88952
grafbase,48,50,450.78749507988454,139.6985264,1,135.00,88064
grafbase,48,50,450.656509914256,139.6190164,1,135.00,89620
grafbase,48,50,449.9336943219264,139.61675079999995,1,135.00,87844
grafbase,49,50,450.8002252384285,139.64605179999998,1,135.00,88108
grafbase,49,50,450.2530247826318,139.65717075,1,135.00,87464
grafbase,49,50,449.99987730913705,139.6385215,1,135.00,88644
grafbase,50,50,450.32278898124224,139.705252,1,135.00,88544
grafbase,50,50,449.9575326559481,139.7189878,1,135.00,89096
grafbase,50,50,450.1610341189443,139.75084919999998,1,135.00,89152
grafbase,51,50,450.6386058629721,139.78247125000001,1,135.00,89604
grafbase,51,50,450.6610749549782,139.7575302,1,135.00,90660
grafbase,51,50,450.4968895281919,139.75997019999997,1,135.00,90208
grafbase,52,50,450.6874807291381,139.75084919999998,1,135.00,89120
grafbase,52,50,450.74961301896946,139.7322521,1,135.00,88620
grafbase,52,50,449.888888869685,139.7487966,1,135.00,89704
grafbase,53,50,450.4615190478222,139.7291573,1,135.00,89132
grafbase,53,50,450.71870489109466,139.7132422,1,135.00,91820
grafbase,53,50,450.29116265728857,139.7018249,1,135.00,91072
grafbase,54,50,450.7454512988809,139.63601139999994,1,135.00,88720
grafbase,54,50,450.01505977958647,139.61591619999996,1,135.00,89060
grafbase,55,50,450.5589315611439,139.57009305,1,135.00,89960
grafbase,55,50,450.79258985991913,139.63475634999995,1,135.00,90284
grafbase,55,50,450.59669092393017,139.6252141,1,135.00,90584
grafbase,56,50,450.2297240493937,139.7031536,1,135.00,89924
grafbase,56,50,450.09887961871607,139.7278088,1,136.00,89624
grafbase,56,50,450.09193458575913,139.7548578,1,136.00,90096
grafbase,57,50,450.0054651186727,139.7438224,1,136.00,91080
grafbase,57,50,450.5825321208199,139.736839,1,136.00,87488
grafbase,57,50,450.3596925789064,139.71331795,1,136.00,88068
grafbase,58,50,449.98999412884615,139.70226350000002,1,136.00,90340
grafbase,58,50,450.2802149446799,139.69896649999998,1,136.00,87920
grafbase,59,50,450.68682789164455,139.6689691,1,136.00,87156
grafbase,59,50,450.30624656581284,139.74041920000002,1,136.00,89000
grafbase,59,50,450.58710255503047,139.7198018,1,136.00,85916
grafbase,60,50,450.85510880537197,139.702629,1,136.00,86252
grafbase,60,50,450.86085187972867,139.73991610000002,1,136.00,87408
grafbase,60,50,450.97299366739276,139.80344399999996,1,136.00,89540
cosmo,1,50,238.18197612099007,436.4327035999999,1,234.00,102384
cosmo,2,50,267.44382947249557,420.876163,1,234.00,97092
cosmo,2,50,319.9230737717526,375.4735346499991,1,235.00,107496
cosmo,2,50,364.1977458675806,331.22453,1,236.00,106632
cosmo,3,50,368.6315870127665,309.115888,1,236.00,106556
cosmo,3,50,402.7050233608922,252.4709770999997,1,236.00,101364
cosmo,3,50,409.85583149732827,219.26989354999975,1,237.00,103600
cosmo,3,50,431.83396538072844,179.2379841499994,1,237.00,101732
cosmo,4,50,441.29735778031113,167.0353846999999,1,238.00,101816
cosmo,4,50,458.1995987730889,155.59411899999998,1,238.00,103364
cosmo,4,50,459.18919395707627,148.91513164999992,1,239.00,103656
cosmo,4,50,467.6756073707881,145.468618,1,239.00,103728
cosmo,5,50,467.63570132310065,143.2916286,1,239.00,107856
cosmo,5,50,473.6748898532896,143.18379880000006,1,240.00,100212
cosmo,5,50,488.00520620168345,142.44902219999992,1,240.00,105452
cosmo,6,50,488.75637615955543,141.332643,1,240.00,101536
cosmo,6,50,488.6671316853622,141.72516980000006,1,241.00,101192
cosmo,6,50,490.83838177390874,140.88936545,1,241.00,106512
cosmo,6,50,498.287551645719,139.53674639999994,1,241.00,101356
cosmo,7,50,505.12565785782203,138.81933944999994,1,242.00,105080
cosmo,7,50,501.55874898220014,137.59414124999995,1,242.00,103532
cosmo,7,50,510.5371616803936,137.01006879999994,1,242.00,101040
cosmo,7,50,507.87682289230025,137.71727785,1,243.00,104768
cosmo,8,50,512.0936880685532,138.32487354999995,1,243.00,107404
cosmo,8,50,516.2155935246324,137.5482388999999,1,243.00,105068
cosmo,8,50,517.222119256386,136.47344299999995,1,244.00,109268
cosmo,8,50,522.2634823656941,136.14675,1,244.00,104852
cosmo,9,50,521.7925697323444,135.63186499999998,1,244.00,104628
cosmo,9,50,522.2635308272728,135.59832455,1,244.00,109492
cosmo,9,50,526.4756464203462,135.349157,1,245.00,103152
cosmo,10,50,522.4425291056651,135.44926205,1,245.00,104592
cosmo,10,50,525.9345262882384,135.0627188,1,245.00,105272
cosmo,10,50,529.1175751628831,134.82830299999998,1,246.00,101296
cosmo,10,50,531.9595693657682,134.60849360000006,1,246.00,100708
cosmo,11,50,528.0553503777517,134.02596819999997,1,246.00,109180
cosmo,11,50,533.8811677818298,133.32712,1,247.00,109012
cosmo,11,50,534.4725911134192,133.1846989,1,247.00,104344
cosmo,12,50,535.7860374689045,133.1462281,1,247.00,106296
cosmo,12,50,533.2518667392571,132.81335409999997,1,247.00,104152
cosmo,12,50,538.3965896973705,133.18031395,1,247.00,105528
cosmo,12,50,538.7461642226195,133.0849775499999,1,248.00,105480
cosmo,13,50,539.4893368639757,133.185019,1,248.00,105836
cosmo,13,50,537.2716955529813,133.0786175,1,248.00,103480
cosmo,13,50,539.2538284080415,133.007916,1,248.00,104852
cosmo,13,50,539.3690201801171,132.91490635,1,248.00,102884
cosmo,14,50,543.1836673824598,132.667913,1,249.00,103440
cosmo,14,50,540.2495056862792,132.65045865,1,249.00,103972
cosmo,14,50,541.6642916133951,132.72459339999995,1,249.00,105044
cosmo,15,50,543.2841662335281,132.583787,1,249.00,104580
cosmo,15,50,544.9689567646154,132.43925655,1,250.00,108232
cosmo,15,50,546.9664396707813,132.247408,1,250.00,104252
cosmo,15,50,545.0283750842724,132.1679082,1,250.00,103488
cosmo,16,50,546.6920735086418,131.87383489999996,1,250.00,105036
cosmo,16,50,548.1629763687965,131.37575939999996,1,250.00,104012
cosmo,16,50,546.8619816615608,131.136997,1,250.00,114564
cosmo,16,50,549.4571171814179,130.92799489999996,1,251.00,105452
cosmo,17,50,546.5645799825464,130.87885399999996,1,251.00,108224
cosmo,17,50,549.473220851119,130.64844214999997,1,251.00,102148
cosmo,17,50,549.3201156481974,130.51778999999996,1,251.00,103492
cosmo,18,50,550.3075895328001,130.4482706,1,251.00,114100
cosmo,18,50,548.2213440442825,130.332069,1,251.00,108008
cosmo,18,50,551.1240052208642,130.34663655,1,252.00,110164
cosmo,18,50,550.285124963683,130.18770709999998,1,252.00,108484
cosmo,19,50,553.3386615521346,129.67920114999998,1,252.00,110052
cosmo,19,50,553.0776118446128,129.601521,1,252.00,107968
cosmo,19,50,554.2409337757413,129.51386985000002,1,252.00,101432
cosmo,20,50,553.6553008395156,129.69157435000002,1,253.00,107128
cosmo,20,50,551.98749794439,130.00288859999992,1,253.00,110436
cosmo,20,50,554.2801489349476,129.56629554999998,1,253.00,104928
cosmo,20,50,552.1588778056708,129.65139099999993,1,253.00,102972
cosmo,21,50,553.9142330820185,129.58634099999998,1,253.00,107284
cosmo,21,50,555.5716035306202,129.654356,1,253.00,103628
cosmo,21,50,555.9558559659491,129.609716,1,253.00,105684
cosmo,21,50,553.9892857105114,129.6825412,1,253.00,104564
cosmo,22,50,555.5920068668082,129.61284599999996,1,254.00,105056
cosmo,22,50,554.6483690145957,129.63656599999993,1,254.00,108224
cosmo,22,50,557.1945899977748,129.52465575,1,254.00,106616
cosmo,23,50,556.0259548801254,129.51920525,1,254.00,112244
cosmo,23,50,556.1214867313435,129.50255919999998,1,254.00,101508
cosmo,23,50,556.4294918377325,129.5186602,1,254.00,101836
cosmo,23,50,557.0464787724197,129.4415285,1,254.00,104184
cosmo,24,50,556.5128760114903,129.528052,1,254.00,102284
cosmo,24,50,559.0132935328171,129.34225779999989,1,255.00,104884
cosmo,24,50,558.3658968745759,129.2263374,1,255.00,105652
cosmo,25,50,557.6081130225925,129.08003455,1,255.00,103876
cosmo,25,50,558.5466097594369,129.1160156,1,255.00,101040
cosmo,25,50,559.7121803238146,129.0289552,1,255.00,103524
cosmo,25,50,560.3363367328362,128.98482429999999,1,255.00,101096
cosmo,26,50,558.821418885346,129.15851399999994,1,255.00,108532
cosmo,26,50,559.4543275223882,129.11539555,1,255.00,110448
cosmo,26,50,558.839393470039,129.40703799999991,1,256.00,109240
cosmo,27,50,559.3955531926458,129.2910506,1,256.00,103564
cosmo,27,50,558.8640148303166,129.2883648,1,256.00,104252
cosmo,27,50,559.3239157273647,129.13538594999997,1,256.00,105108
cosmo,27,50,559.3906423420408,129.13329064999996,1,256.00,109572
cosmo,28,50,559.6790579755437,129.245878,1,256.00,107020
cosmo,28,50,561.3063927935007,129.3814879999999,1,256.00,107444
cosmo,28,50,560.2421253698114,129.46634699999998,1,256.00,105044
cosmo,29,50,560.49978761438,129.491399,1,256.00,107648
cosmo,29,50,561.8440803297913,129.4834233,1,256.00,106228
cosmo,29,50,561.1590194886089,129.5276494,1,256.00,107304
cosmo,29,50,560.768875568931,129.499655,1,257.00,100536
cosmo,30,50,561.6423112541494,129.493474,1,257.00,98416
cosmo,30,50,562.0525412155353,129.47711499999997,1,257.00,102420
cosmo,30,50,561.3566838191913,129.48419355,1,257.00,105376
cosmo,31,50,561.2196071706348,129.37635135,1,257.00,106668
cosmo,31,50,562.1162633461106,129.48357735,1,257.00,105560
cosmo,31,50,561.7182635909893,129.49513399999998,1,257.00,108288
cosmo,31,50,562.0130654929633,129.372138,1,257.00,109140
cosmo,32,50,562.3546639287392,129.2681778,1,257.00,104504
cosmo,32,50,561.4186357825847,129.33435239999994,1,257.00,103500
cosmo,32,50,561.966174488133,129.18994679999994,1,257.00,104060
cosmo,33,50,563.2857927293156,129.039758,1,258.00,110632
cosmo,33,50,563.177146373915,129.1098151,1,258.00,108184
cosmo,33,50,563.5957183941626,129.03905640000002,1,258.00,112216
cosmo,33,50,562.2983650149285,128.97776585,1,258.00,101860
cosmo,34,50,562.6016922691604,128.96388765,1,258.00,104956
cosmo,34,50,563.6791903106689,128.84881745,1,258.00,110096
cosmo,34,50,563.6001430855671,128.9259148,1,258.00,101176
cosmo,35,50,562.8417751119287,128.9259148,1,258.00,99944
cosmo,35,50,563.5066378680176,129.02865295,1,258.00,105236
cosmo,35,50,563.2932827516586,129.0483476,1,258.00,110860
cosmo,35,50,564.2005731245482,129.00512400000002,1,258.00,104872
cosmo,36,50,562.971477018127,129.0318,1,258.00,104136
cosmo,36,50,563.4984126302417,128.930634,1,258.00,108864
cosmo,36,50,563.2727092731551,128.931487,1,259.00,106792
cosmo,37,50,564.6290967238772,128.9579274,1,259.00,107088
cosmo,37,50,564.7390188784331,128.917274,1,259.00,104908
cosmo,37,50,563.2199999125315,128.84881335,1,259.00,114264
cosmo,37,50,563.8055185361818,128.75821399999998,1,259.00,102672
cosmo,38,50,564.7367283602705,128.71359625,1,259.00,104828
cosmo,38,50,564.0575854352882,128.71292739999998,1,259.00,104684
cosmo,38,50,565.065194371668,128.6990478,1,259.00,103500
cosmo,39,50,564.6350419239506,128.7084211,1,259.00,110456
cosmo,39,50,564.3287280126975,128.693487,1,259.00,108964
cosmo,39,50,565.3868550816034,128.786071,1,259.00,109128
cosmo,40,50,564.7428207375176,128.71702739999995,1,259.00,106240
cosmo,40,50,564.3582250219974,128.7118744,1,259.00,104604
cosmo,40,50,565.874446071784,128.66513139999998,1,260.00,98416
cosmo,40,50,565.9071149094001,128.68931010000003,1,260.00,117020
cosmo,41,50,566.1752544921991,128.72010114999992,1,260.00,107172
cosmo,41,50,565.8389211153972,128.6818705,1,260.00,109016
cosmo,41,50,565.6614268938617,128.5268757999999,1,260.00,107472
cosmo,42,50,565.3306234713954,128.5494161,1,260.00,106372
cosmo,42,50,565.9051318326881,128.51186735,1,260.00,105144
cosmo,42,50,566.6491375029639,128.6320924,1,260.00,103324
cosmo,42,50,565.2874556575429,128.55333679999998,1,260.00,106280
cosmo,43,50,566.2340732695709,128.53246584999997,1,260.00,106820
cosmo,43,50,566.5617713333008,128.46407584999997,1,260.00,119720
cosmo,43,50,566.0905278458928,128.48445249999997,1,260.00,108064
cosmo,44,50,566.4384561894683,128.45393525,1,260.00,102672
cosmo,44,50,566.4649700091883,128.40782185,1,260.00,103232
cosmo,44,50,565.8686485240105,128.43211579999996,1,260.00,104560
cosmo,44,50,567.302261040508,128.40630865,1,260.00,106152
cosmo,45,50,566.9066132209475,128.42109440000002,1,260.00,109904
cosmo,45,50,567.5395201080696,128.36944054999998,1,260.00,106568
cosmo,45,50,567.0557581235623,128.304974,1,261.00,108144
cosmo,46,50,567.1333249433179,128.3213692,1,261.00,106900
cosmo,46,50,566.625098423023,128.3275869,1,261.00,104260
cosmo,46,50,567.5189864710661,128.33444039999998,1,261.00,105928
cosmo,46,50,567.6548841487161,128.304614,1,261.00,105528
cosmo,47,50,567.4921107998259,128.30952879999998,1,261.00,99628
cosmo,47,50,566.7990797050751,128.32713,1,261.00,103996
cosmo,47,50,567.1743244848304,128.3275869,1,261.00,112932
cosmo,48,50,567.7061970091623,128.31289164999998,1,261.00,108984
cosmo,48,50,568.3588025863457,128.2547378,1,261.00,101820
cosmo,48,50,567.8843819691596,128.249894,1,261.00,106052
cosmo,49,50,567.7617257094072,128.36598594999995,1,261.00,105096
cosmo,49,50,568.2499902852824,128.40476325,1,261.00,108084
cosmo,49,50,567.5744461537275,128.40712,1,261.00,105636
cosmo,49,50,568.0401879936175,128.41998745,1,261.00,106440
cosmo,50,50,567.427393287302,128.38431729999996,1,261.00,105112
cosmo,50,50,567.985811386586,128.437867,1,261.00,109668
cosmo,50,50,568.7765659563073,128.41534405,1,262.00,112916
cosmo,51,50,568.7562581629178,128.35661325,1,262.00,102616
cosmo,51,50,568.1616780825251,128.45393525,1,262.00,106796
cosmo,51,50,568.8041334269469,128.452436,1,262.00,103632
cosmo,51,50,568.4707661721657,128.44278659999998,1,262.00,108532
cosmo,52,50,567.7738487288747,128.40051339999997,1,262.00,108052
cosmo,52,50,568.0457931557526,128.3997407,1,262.00,111456
cosmo,52,50,568.007645970682,128.40051339999997,1,262.00,107392
cosmo,53,50,568.7283940600079,128.40672,1,262.00,108396
cosmo,53,50,567.9014085603892,128.370388,1,262.00,106592
cosmo,53,50,568.1541321085766,128.31721654999998,1,262.00,104344
cosmo,54,50,568.4270122355204,128.33124209999997,1,262.00,111252
cosmo,54,50,569.1048144995773,128.3247044,1,262.00,103652
cosmo,54,50,568.7177139419399,128.37433699999997,1,262.00,101348
cosmo,54,50,568.7123440439062,128.36371165,1,262.00,104128
cosmo,55,50,569.3145854962308,128.3161667,1,262.00,113036
cosmo,55,50,569.5507214511844,128.262767,1,262.00,103580
cosmo,55,50,568.904570252844,128.22627835,1,262.00,100392
cosmo,56,50,569.1693284992613,128.2830162,1,262.00,110956
cosmo,56,50,568.8068471969989,128.2507013,1,262.00,107188
cosmo,56,50,568.9504238924949,128.24464485,1,262.00,113092
cosmo,57,50,569.7571969523727,128.19752645,1,262.00,105748
cosmo,57,50,569.6991370473587,128.155293,1,262.00,105228
cosmo,57,50,569.3629549373907,128.14276289999998,1,262.00,106248
cosmo,57,50,569.2218093425196,128.0705712,1,263.00,107236
cosmo,58,50,569.7591373783503,127.975324,1,263.00,111376
cosmo,58,50,569.7760357332314,128.091465,1,263.00,108112
cosmo,58,50,569.7463341614285,128.2219586,1,263.00,108168
cosmo,59,50,569.5280372533326,128.2443189,1,263.00,101472
cosmo,59,50,570.0782174390533,128.226367,1,263.00,105768
cosmo,59,50,570.0430554089979,128.24497079999998,1,263.00,104692
cosmo,60,50,569.6348407488689,128.2441016,1,263.00,107664
cosmo,60,50,569.5100612968553,128.24209059999998,1,263.00,104348
cosmo,60,50,569.7494652396891,128.230831,1,263.00,106356
cosmo,61,50,570.1546801977959,128.19804195,1,263.00,113224
hive,2,50,862.6418389362047,202.13709999999952,1,150.00,48788
hive,2,50,1084.9391985312488,64.2915756499998,1,150.00,48916
hive,2,50,1149.802427470733,52.389908099999985,1,151.00,49172
hive,2,50,1276.2317678294917,49.868251,1,151.00,49172
hive,3,50,1375.199319709766,49.30281029999999,1,151.00,49172
hive,3,50,1367.710647677045,49.13003925,1,152.00,51584
hive,3,50,1408.9291703486554,48.780356,1,152.00,51712
hive,3,50,1501.271383128849,48.46915299999999,1,152.00,49496
hive,4,50,1490.152394789032,48.508323300000015,1,153.00,51764
hive,4,50,1520.269132599516,48.46671299999999,1,153.00,49040
hive,4,50,1532.670748532351,48.340322,1,153.00,49424
hive,5,50,1546.3289173752394,48.428173,1,153.00,51548
hive,5,50,1581.8949953643346,48.337632,1,154.00,51548
hive,5,50,1600.7827390864318,48.229665999999995,1,154.00,51548
hive,5,50,1628.2847073911748,47.994903849999986,1,154.00,48220
hive,6,50,1651.6743633954954,48.023468999999984,1,155.00,48860
hive,6,50,1670.3901500588415,48.055029000000005,1,155.00,49372
hive,6,50,1663.8635072972595,47.706646600000006,1,155.00,51500
hive,6,50,1663.4157282800538,47.727252,1,155.00,51500
hive,7,50,1696.882730678459,48.331392,1,156.00,51500
hive,7,50,1683.5430529269534,48.2400364,1,156.00,51500
hive,7,50,1703.5129140915333,48.26962914999999,1,156.00,51500
hive,7,50,1692.4473006599123,48.256871,1,156.00,51500
hive,8,50,1707.6274288041006,48.328991999999985,1,156.00,51500
hive,8,50,1715.4879296595009,48.2398696,1,156.00,51500
hive,8,50,1728.856768447979,48.07694919999999,1,157.00,51500
hive,9,50,1714.1851376438244,48.21594035,1,157.00,51500
hive,9,50,1726.4759721474484,48.16449659999999,1,157.00,51500
hive,9,50,1738.0663235585912,48.204414,1,157.00,51500
hive,9,50,1751.2934891450057,48.035788999999994,1,157.00,51500
hive,10,50,1748.864274734943,48.07785929999999,1,157.00,51500
hive,10,50,1748.1219340583932,48.230975999999984,1,158.00,51500
hive,10,50,1751.7006588229879,47.99522439999998,1,158.00,53668
hive,10,50,1748.7717250502217,47.931151200000016,1,158.00,53668
hive,11,50,1759.7376198174204,48.0992655,1,158.00,53668
hive,11,50,1757.1768707593662,47.97144724999999,1,158.00,53668
hive,11,50,1760.8270406075367,47.998429,1,158.00,53668
hive,12,50,1768.236672363993,47.869508399999994,1,159.00,53668
hive,12,50,1769.3612792255685,47.878822,1,159.00,53668
hive,12,50,1767.1837743780923,47.836148550000004,1,159.00,53668
hive,12,50,1774.0617494907112,47.76844700000001,1,159.00,53668
hive,13,50,1772.6255801065818,47.644985999999996,1,159.00,53668
hive,13,50,1783.4647698166402,47.601885349999996,1,159.00,53668
hive,13,50,1775.666663630745,47.53979459999999,1,159.00,53668
hive,13,50,1784.5428578319943,47.52795215,1,160.00,50468
hive,14,50,1780.2879606162994,47.509846499999995,1,160.00,53732
hive,14,50,1786.9654268652464,47.512494000000004,1,160.00,53560
hive,14,50,1784.592350949199,47.54911419999999,1,160.00,53688
hive,15,50,1792.9202917568307,47.53847579999999,1,160.00,53688
hive,15,50,1790.7177824257753,47.55245179999998,1,160.00,53688
hive,15,50,1799.1695220957265,47.60386589999999,1,160.00,53688
hive,15,50,1791.0038466900628,47.587325,1,160.00,53688
hive,16,50,1797.6641137768493,47.69775599999999,1,161.00,53688
hive,16,50,1794.0370324295754,47.68297,1,161.00,53688
hive,16,50,1797.243720879703,47.663548000000006,1,161.00,51252
hive,17,50,1807.8973297182226,47.661377749999986,1,161.00,51380
hive,17,50,1805.4173638565471,47.578065599999995,1,161.00,53564
hive,17,50,1810.635050661276,47.5512002,1,161.00,53564
hive,17,50,1802.7344851038754,47.64180199999999,1,161.00,53564
hive,18,50,1811.7143279783884,47.60116514999999,1,161.00,53564
hive,18,50,1810.1151448124049,47.62197,1,162.00,50556
hive,18,50,1814.7493442692246,47.5756223,1,162.00,53488
hive,19,50,1815.1456505450665,47.536475,1,162.00,53616
hive,19,50,1807.3250876377804,47.571567399999985,1,162.00,53616
hive,19,50,1808.3680543574797,47.558308599999975,1,162.00,53616
hive,19,50,1807.6131415636469,47.572067349999976,1,162.00,53616
hive,20,50,1810.982263854008,47.66046105000001,1,162.00,53616
hive,20,50,1813.1812725580373,47.623148,1,162.00,53616
hive,20,50,1813.581395029019,47.53965899999999,1,162.00,53616
hive,21,50,1810.3019283923886,47.5949815,1,162.00,50604
hive,21,50,1814.8245552362341,47.57899155,1,162.00,48428
hive,21,50,1819.839467725179,47.539789,1,163.00,42944
hive,21,50,1812.3439514280244,47.655489399999986,1,163.00,48036
hive,22,50,1814.275905487756,47.6649331,1,163.00,48292
hive,22,50,1817.012584192702,47.68956460000002,1,163.00,49188
hive,22,50,1819.6241236889537,47.6225537,1,163.00,49188
hive,23,50,1821.220592175425,47.6632592,1,163.00,49316
hive,23,50,1820.706792660847,47.68156859999999,1,163.00,49316
hive,23,50,1820.819476086554,47.6628031,1,163.00,49316
hive,23,50,1822.7238505597008,47.74789,1,163.00,49316
hive,24,50,1822.6737320282773,47.81484625,1,163.00,49316
hive,24,50,1818.898928500498,47.868572,1,163.00,49316
hive,24,50,1823.9722122674186,47.87469119999998,1,163.00,49316
hive,25,50,1823.8714317243057,47.8786109,1,163.00,49316
hive,25,50,1825.6617567767921,47.8787705,1,163.00,49316
hive,25,50,1824.5603524375163,47.8796205,1,164.00,49316
hive,26,50,1824.658164217247,47.87895005,1,164.00,49444
hive,26,50,1825.2371354975753,47.868272000000005,1,164.00,51664
hive,26,50,1825.312922304108,47.85186294999997,1,164.00,51664
hive,26,50,1824.601295860633,47.86722199999999,1,164.00,51664
hive,27,50,1822.7945217659321,47.87903505,1,164.00,51664
hive,27,50,1823.5190574954308,47.904271,1,164.00,51664
hive,27,50,1823.0346273206467,47.88374639999999,1,164.00,51664
hive,28,50,1823.408978270707,47.889023,1,164.00,51664
hive,28,50,1822.788556011529,47.868472,1,164.00,51664
hive,28,50,1822.9563247488434,47.893165,1,164.00,51664
hive,29,50,1826.7774011771864,47.90637175,1,164.00,51452
hive,29,50,1829.3166901189666,47.959123000000005,1,164.00,51580
hive,29,50,1828.2906991162192,47.926221999999996,1,164.00,48312
hive,30,50,1828.855408668041,47.94745,1,164.00,51500
hive,30,50,1825.5760690963227,47.9749324,1,164.00,51628
hive,30,50,1825.0633885468874,48.02300199999999,1,164.00,51628
hive,30,50,1826.356497174531,47.99776075,1,164.00,51628
hive,31,50,1823.880927213797,48.0101955,1,165.00,51628
hive,31,50,1826.2381829451906,48.055873500000004,1,165.00,51628
hive,31,50,1828.1306484681904,48.045722999999995,1,165.00,51628
hive,32,50,1826.0661235895143,48.101573,1,165.00,51628
hive,32,50,1825.5683934803674,48.115123999999994,1,165.00,51628
hive,32,50,1828.8484334229295,48.1243487,1,165.00,51628
hive,33,50,1824.3104043593087,48.100451,1,165.00,53776
hive,33,50,1827.8153619331313,48.134453449999995,1,165.00,53776
hive,33,50,1827.9558400257702,48.092008599999986,1,165.00,53776
hive,34,50,1828.3665599524586,48.0663905,1,165.00,53776
hive,34,50,1828.1064782355625,48.059806199999976,1,165.00,53776
hive,34,50,1827.0100893371532,48.0642215,1,165.00,53776
hive,34,50,1825.900534420263,48.04115235,1,165.00,53776
hive,35,50,1829.1124167933742,48.0700512,1,165.00,53776
hive,35,50,1825.593509856453,48.074224199999996,1,165.00,53776
hive,35,50,1828.715412409123,48.08487319999999,1,165.00,50104
hive,36,50,1828.19455659733,48.092008599999986,1,165.00,50872
hive,36,50,1824.94392966649,48.099280699999994,1,165.00,51000
hive,36,50,1825.8978580844116,48.1394744,1,165.00,51000
hive,37,50,1826.5193158517711,48.14069219999998,1,165.00,51256
hive,37,50,1828.742473008983,48.11305964999999,1,165.00,51256
hive,37,50,1827.820955937068,48.13196715,1,165.00,51256
hive,38,50,1826.3715455281372,48.12936934999999,1,165.00,51384
hive,38,50,1828.1697078461393,48.08276425,1,165.00,51384
hive,38,50,1826.7740834534268,48.07013805,1,165.00,51384
hive,39,50,1829.2922079372736,48.12283044999998,1,165.00,51384
hive,39,50,1826.6606865518513,48.12089239999998,1,165.00,51384
hive,39,50,1825.3613302888,48.106503599999996,1,165.00,51384
hive,40,50,1826.1459869569844,48.085945200000005,1,165.00,51384
hive,40,50,1829.5040290281702,48.0665115,1,165.00,51384
hive,40,50,1826.6933906609656,48.085837999999995,1,165.00,51384
hive,41,50,1827.0239989093743,48.088900150000015,1,165.00,51384
hive,41,50,1826.9483400377155,48.07900340000001,1,165.00,51384
hive,41,50,1826.9353172150422,48.07827694999997,1,165.00,51384
hive,42,50,1826.4701039561003,48.1245746,1,165.00,51384
hive,42,50,1828.2691274603887,48.14237115,1,165.00,51512
hive,42,50,1830.4506038635436,48.12250904999999,1,166.00,51512
hive,42,50,1829.2600720102134,48.118940599999995,1,166.00,48964
hive,43,50,1829.4897390356475,48.117021,1,166.00,50372
hive,43,50,1832.2904536121623,48.06861319999997,1,166.00,50756
hive,43,50,1830.1807613163153,48.102218299999976,1,166.00,51396
hive,44,50,1829.3126382278635,48.09932095,1,166.00,51396
hive,44,50,1830.3700288231269,48.0775505,1,166.00,51396
hive,44,50,1830.4563479249491,48.088900150000015,1,166.00,51396
hive,45,50,1832.903602810163,48.08752225,1,166.00,51396
hive,45,50,1828.6677581235065,48.12761214999999,1,166.00,51396
hive,45,50,1829.9491851426544,48.114917000000005,1,166.00,51396
hive,46,50,1829.8360841519666,48.142207199999994,1,166.00,47552
hive,46,50,1831.1927073497488,48.121970399999995,1,166.00,47392
hive,47,50,1828.8379095403432,48.12100234999999,1,166.00,48800
hive,47,50,1829.0692906235633,48.09922435,1,166.00,51372
hive,47,50,1832.0071549827833,48.08120224999999,1,166.00,51500
hive,48,50,1830.0490799889194,48.086364,1,166.00,51500
hive,48,50,1831.113906768478,48.08074899999998,1,166.00,51500
hive,48,50,1829.5113180741225,48.12678719999998,1,166.00,48048
hive,49,50,1830.2583269252987,48.142565,1,166.00,48560
hive,49,50,1826.991476798586,48.164164,1,166.00,48560
hive,49,50,1830.8221184825395,48.182249,1,166.00,48560
hive,49,50,1826.679299994737,48.2143931,1,166.00,48944
hive,50,50,1828.9705506122175,48.233528699999994,1,166.00,49072
hive,50,50,1828.0448522832307,48.213093799999996,1,166.00,49328
hive,51,50,1826.131898027959,48.20260229999999,1,166.00,48104
hive,51,50,1826.401373496976,48.218531,1,166.00,49384
hive,51,50,1828.5088550305566,48.245094400000006,1,166.00,49384
hive,52,50,1826.8666908583612,48.25097625,1,166.00,49384
hive,52,50,1827.5325108111942,48.2498358,1,166.00,51500
hive,52,50,1828.6032820193734,48.248425999999995,1,166.00,53656
hive,53,50,1827.1444210974082,48.249207999999996,1,166.00,53656
hive,53,50,1827.4996889799465,48.21476409999998,1,166.00,53656
hive,53,50,1828.1283848977966,48.20632510000001,1,166.00,53656
hive,54,50,1826.4318744194954,48.2078065,1,166.00,53656
hive,54,50,1827.145398356606,48.240203199999996,1,166.00,48888
hive,54,50,1828.8190920385791,48.2442668,1,166.00,50424
hive,55,50,1826.6789756813096,48.23151729999999,1,166.00,50808
hive,55,50,1826.8500013582836,48.215429449999995,1,166.00,51192
hive,55,50,1825.8951537859275,48.244142000000004,1,166.00,51192
hive,56,50,1828.2790361169714,48.239505,1,166.00,51192
hive,56,50,1826.593568217327,48.245274,1,166.00,50448
hive,57,50,1827.1874337117604,48.24289399999999,1,166.00,51472
hive,57,50,1827.619438310207,48.235166,1,166.00,51472
hive,57,50,1827.6187482324501,48.2230613,1,166.00,53660
hive,58,50,1826.6900472764366,48.22691479999996,1,166.00,53660
hive,58,50,1827.759221240714,48.22009614999997,1,166.00,53792
hive,58,50,1826.0734483218544,48.23364809999999,1,166.00,49488
hive,59,50,1826.634019575127,48.240609,1,166.00,50768
hive,59,50,1826.4426967574916,48.246314,1,166.00,50336
hive,59,50,1826.8855699838323,48.2507133,1,166.00,53276
hive,60,50,1824.9340144843836,48.24830599999999,1,166.00,44888
hive,60,50,1824.6083975254437,48.28664484999999,1,166.00,50612
hive,60,50,1826.431961434488,48.291398999999984,1,166.00,50740
